Protocollo;Gruppo;DataOraIncidente;Localizzazione1;STRADA1;Localizzazione2;STRADA2;Strada02;Chilometrica;DaSpecificare;NaturaIncidente;particolaritastrade;TipoStrada;FondoStradale;Pavimentazione;Segnaletica;CondizioneAtmosferica;Traffico;Visibilita;Illuminazione;NUM_FERITI;NUM_RISERVATA;NUM_MORTI;NUM_ILLESI;Longitudine;Latitudine;Confermato;Progressivo;TipoVeicolo;StatoVeicolo;TipoPersona;Sesso;Tipolesione;Deceduto;DecedutoDopo;CinturaCascoUtilizzato;Airbag
1961642;8;05/12/2013 18:30;Strada Urbana;VIA ATLANTE;all'intersezione con;VIA DELLE NAIADI;VIA DELLE NAIADI;;;Scontro frontale/laterale SX fra veicoli in marcia;Intersezione stradale segnalata;Una carreggiata a doppio senso;Asciutto;Asfaltata;Verticale;Sereno;Scarso;Buona;Sufficiente;0;0;0;6;;;-1;1;Autovettura privata;In marcia / fermata / arresto;Passeggero;M;Illeso;0;;Non accertato;Inesistente
1961642;8;05/12/2013 18:30;Strada Urbana;VIA ATLANTE;all'intersezione con;VIA DELLE NAIADI;VIA DELLE NAIADI;;;Scontro frontale/laterale SX fra veicoli in marcia;Intersezione stradale segnalata;Una carreggiata a doppio senso;Asciutto;Asfaltata;Verticale;Sereno;Scarso;Buona;Sufficiente;0;0;0;6;;;-1;1;Autovettura privata;In marcia / fermata / arresto;Passeggero;F;Illeso;0;;Non accertato;Inesistente
1961642;8;05/12/2013 18:30;Strada Urbana;VIA ATLANTE;all'intersezione con;VIA DELLE NAIADI;VIA DELLE NAIADI;;;Scontro frontale/laterale SX fra veicoli in marcia;Intersezione stradale segnalata;Una carreggiata a doppio senso;Asciutto;Asfaltata;Verticale;Sereno;Scarso;Buona;Sufficiente;0;0;0;6;;;-1;1;Autovettura privata;In marcia / fermata / arresto;Passeggero;M;Illeso;0;;Non accertato;Inesistente
1961642;8;05/12/2013 18:30;Strada Urbana;VIA ATLANTE;all'intersezione con;VIA DELLE NAIADI;VIA DELLE NAIADI;;;Scontro frontale/laterale SX fra veicoli in marcia;Intersezione stradale segnalata;Una carreggiata a doppio senso;Asciutto;Asfaltata;Verticale;Sereno;Scarso;Buona;Sufficiente;0;0;0;6;;;-1;2;Autocarro inferiore 35 q.;In marcia / fermata / arresto;Conducente;M;Illeso;0;;Non accertato;Inesploso
1961642;8;05/12/2013 18:30;Strada Urbana;VIA ATLANTE;all'intersezione con;VIA DELLE NAIADI;VIA DELLE NAIADI;;;Scontro frontale/laterale SX fra veicoli in marcia;Intersezione stradale segnalata;Una carreggiata a doppio senso;Asciutto;Asfaltata;Verticale;Sereno;Scarso;Buona;Sufficiente;0;0;0;6;;;-1;2;Autocarro inferiore 35 q.;In marcia / fermata / arresto;Passeggero;F;Illeso;0;;Non accertato;Inesploso
1961643;8;05/12/2013 12:45;Strada Urbana;VIA DON PRIMO MAZZOLARI;all'intersezione con;VIA DELLA RISERVA NUOVA;VIA DELLA RISERVA NUOVA;;;Scontro laterale fra veicoli in marcia;Incrocio;Una carreggiata a doppio senso;Asciutto;Asfaltata;Verticale ed orizzontale;Sereno;Normale;Buona;Ore Diurne;0;0;0;3;;;-1;1;Autobus turistico;In marcia / fermata / arresto;Conducente;M;Illeso;0;;Non accertato;Inesistente
1961643;8;05/12/2013 12:45;Strada Urbana;VIA DON PRIMO MAZZOLARI;all'intersezione con;VIA DELLA RISERVA NUOVA;VIA DELLA RISERVA NUOVA;;;Scontro laterale fra veicoli in marcia;Incrocio;Una carreggiata a doppio senso;Asciutto;Asfaltata;Verticale ed orizzontale;Sereno;Normale;Buona;Ore Diurne;0;0;0;3;;;-1;2;Autovettura privata;In marcia / fermata / arresto;Conducente;F;Illeso;0;;Non accertato;Inesploso
1961643;8;05/12/2013 12:45;Strada Urbana;VIA DON PRIMO MAZZOLARI;all'intersezione con;VIA DELLA RISERVA NUOVA;VIA DELLA RISERVA NUOVA;;;Scontro laterale fra veicoli in marcia;Incrocio;Una carreggiata a doppio senso;Asciutto;Asfaltata;Verticale ed orizzontale;Sereno;Normale;Buona;Ore Diurne;0;0;0;3;;;-1;2;Autovettura privata;In marcia / fermata / arresto;Passeggero;F;Illeso;0;;Non accertato;Inesploso
1961644;12;05/12/2013 17:15;Strada Urbana;VIA DI ACQUA ACETOSA OSTIENSE;all'intersezione con;VIA PONTINA;VIA PONTINA;;;Scontro frontale/laterale SX fra veicoli in marcia;Incrocio;Una carreggiata a doppio senso;Asciutto;Asfaltata;Verticale ed orizzontale;Sereno;Normale;Buona;Sufficiente;1;0;0;5;12.47402;41.8032;-1;1;Autovettura privata;In marcia / fermata / arresto;Conducente;M;Illeso;0;;Utilizzato;Inesploso
1961644;12;05/12/2013 17:15;Strada Urbana;VIA DI ACQUA ACETOSA OSTIENSE;all'intersezione con;VIA PONTINA;VIA PONTINA;;;Scontro frontale/laterale SX fra veicoli in marcia;Incrocio;Una carreggiata a doppio senso;Asciutto;Asfaltata;Verticale ed orizzontale;Sereno;Normale;Buona;Sufficiente;1;0;0;5;12.47402;41.8032;-1;2;Motociclo a solo;In marcia / fermata / arresto;Conducente;M;Rimandato;0;NON DECEDUTO;Utilizzato;Inesistente
1961644;12;05/12/2013 17:15;Strada Urbana;VIA DI ACQUA ACETOSA OSTIENSE;all'intersezione con;VIA PONTINA;VIA PONTINA;;;Scontro frontale/laterale SX fra veicoli in marcia;Incrocio;Una carreggiata a doppio senso;Asciutto;Asfaltata;Verticale ed orizzontale;Sereno;Normale;Buona;Sufficiente;1;0;0;5;12.47402;41.8032;-1;3;Autovettura privata;In marcia / fermata / arresto;Conducente;M;Illeso;0;;Utilizzato;Inesploso
1961644;12;05/12/2013 17:15;Strada Urbana;VIA DI ACQUA ACETOSA OSTIENSE;all'intersezione con;VIA PONTINA;VIA PONTINA;;;Scontro frontale/laterale SX fra veicoli in marcia;Incrocio;Una carreggiata a doppio senso;Asciutto;Asfaltata;Verticale ed orizzontale;Sereno;Normale;Buona;Sufficiente;1;0;0;5;12.47402;41.8032;-1;3;Autovettura privata;In marcia / fermata / arresto;Passeggero;F;Illeso;0;;Utilizzato;Inesistente
1961644;12;05/12/2013 17:15;Strada Urbana;VIA DI ACQUA ACETOSA OSTIENSE;all'intersezione con;VIA PONTINA;VIA PONTINA;;;Scontro frontale/laterale SX fra veicoli in marcia;Incrocio;Una carreggiata a doppio senso;Asciutto;Asfaltata;Verticale ed orizzontale;Sereno;Normale;Buona;Sufficiente;1;0;0;5;12.47402;41.8032;-1;3;Autovettura privata;In marcia / fermata / arresto;Passeggero;M;Illeso;0;;Utilizzato;Inesistente
1961644;12;05/12/2013 17:15;Strada Urbana;VIA DI ACQUA ACETOSA OSTIENSE;all'intersezione con;VIA PONTINA;VIA PONTINA;;;Scontro frontale/laterale SX fra veicoli in marcia;Incrocio;Una carreggiata a doppio senso;Asciutto;Asfaltata;Verticale ed orizzontale;Sereno;Normale;Buona;Sufficiente;1;0;0;5;12.47402;41.8032;-1;3;Autovettura privata;In marcia / fermata / arresto;Passeggero;;Illeso;0;;Utilizzato;Inesploso
1961645;8;05/12/2013 14:30;Strada Urbana;VIA DI TORRE SPACCATA;in prossimità;;del civico n.;127/A;;Scontro frontale/laterale SX fra veicoli in marcia;Rettilineo;Una carreggiata a doppio senso;Asciutto;Asfaltata;Verticale ed orizzontale;Sereno;Normale;Buona;Ore Diurne;0;0;0;1;12.58567;41.86021;-1;1;Autovettura privata;In marcia / fermata / arresto;Conducente;M;Illeso;0;;Non accertato;Inesistente
1961646;8;05/12/2013 10:30;Strada Urbana;VIA DI ROCCA CENCIA;all'intersezione con;VIA BENESTARE;VIA BENESTARE;;;Tamponamento Multiplo;Intersezione stradale segnalata;Una carreggiata a doppio senso;Asciutto;Asfaltata;Assente;Sereno;Scarso;Buona;Ore Diurne;0;0;0;7;;;-1;1;Autovettura privata;In marcia / fermata / arresto;Conducente;M;Illeso;0;;Non accertato;Inesistente
1961646;8;05/12/2013 10:30;Strada Urbana;VIA DI ROCCA CENCIA;all'intersezione con;VIA BENESTARE;VIA BENESTARE;;;Tamponamento Multiplo;Intersezione stradale segnalata;Una carreggiata a doppio senso;Asciutto;Asfaltata;Assente;Sereno;Scarso;Buona;Ore Diurne;0;0;0;7;;;-1;1;Autovettura privata;In marcia / fermata / arresto;Passeggero;M;Illeso;0;;Non accertato;Inesistente
1961646;8;05/12/2013 10:30;Strada Urbana;VIA DI ROCCA CENCIA;all'intersezione con;VIA BENESTARE;VIA BENESTARE;;;Tamponamento Multiplo;Intersezione stradale segnalata;Una carreggiata a doppio senso;Asciutto;Asfaltata;Assente;Sereno;Scarso;Buona;Ore Diurne;0;0;0;7;;;-1;2;Autovettura privata;In marcia / fermata / arresto;Conducente;M;Illeso;0;;Non accertato;Inesploso
1961646;8;05/12/2013 10:30;Strada Urbana;VIA DI ROCCA CENCIA;all'intersezione con;VIA BENESTARE;VIA BENESTARE;;;Tamponamento Multiplo;Intersezione stradale segnalata;Una carreggiata a doppio senso;Asciutto;Asfaltata;Assente;Sereno;Scarso;Buona;Ore Diurne;0;0;0;7;;;-1;2;Autovettura privata;In marcia / fermata / arresto;Passeggero;F;Illeso;0;;Non accertato;Inesistente
1961646;8;05/12/2013 10:30;Strada Urbana;VIA DI ROCCA CENCIA;all'intersezione con;VIA BENESTARE;VIA BENESTARE;;;Tamponamento Multiplo;Intersezione stradale segnalata;Una carreggiata a doppio senso;Asciutto;Asfaltata;Assente;Sereno;Scarso;Buona;Ore Diurne;0;0;0;7;;;-1;2;Autovettura privata;In marcia / fermata / arresto;Passeggero;;Illeso;0;;Non accertato;Inesistente
1961646;8;05/12/2013 10:30;Strada Urbana;VIA DI ROCCA CENCIA;all'intersezione con;VIA BENESTARE;VIA BENESTARE;;;Tamponamento Multiplo;Intersezione stradale segnalata;Una carreggiata a doppio senso;Asciutto;Asfaltata;Assente;Sereno;Scarso;Buona;Ore Diurne;0;0;0;7;;;-1;2;Autovettura privata;In marcia / fermata / arresto;Passeggero;F;Illeso;0;;Non accertato;Inesistente
1961646;8;05/12/2013 10:30;Strada Urbana;VIA DI ROCCA CENCIA;all'intersezione con;VIA BENESTARE;VIA BENESTARE;;;Tamponamento Multiplo;Intersezione stradale segnalata;Una carreggiata a doppio senso;Asciutto;Asfaltata;Assente;Sereno;Scarso;Buona;Ore Diurne;0;0;0;7;;;-1;3;Autovettura privata;In marcia / fermata / arresto;Conducente;M;Illeso;0;;Non accertato;Inesistente
1961647;18;05/12/2013 18:10;Statale entro l'abitato;VIA AURELIA;in prossimità;;del civico n. ;666;;Veicolo in marcia contro veicolo in sosta;Rettilineo;Più di due carreggiate;Asciutto;Asfaltata;Verticale ed orizzontale;Sereno;Scarso;Buona;Sufficiente;0;0;0;1;12.4161023;41.8944474;-1;1;Autovettura privata;In marcia / fermata / arresto;Conducente;M;Illeso;0;;Non accertato;Inesploso
1961648;5;05/12/2013 10:20;Strada Urbana;VIA DELLE CAVE DI PIETRALATA;all'intersezione con;VIA TIBURTINA;VIA TIBURTINA;;;Scontro frontale/laterale DX fra veicoli in marcia;Incrocio;Due carreggiate;Asciutto;Asfaltata;Verticale ed orizzontale;Sereno;Intenso;Buona;Ore Diurne;1;0;0;1;12.53667;41.90857;-1;1;Autovettura privata;In marcia / fermata / arresto;Conducente;M;Illeso;0;;Non accertato;Inesistente
1961648;5;05/12/2013 10:20;Strada Urbana;VIA DELLE CAVE DI PIETRALATA;all'intersezione con;VIA TIBURTINA;VIA TIBURTINA;;;Scontro frontale/laterale DX fra veicoli in marcia;Incrocio;Due carreggiate;Asciutto;Asfaltata;Verticale ed orizzontale;Sereno;Intenso;Buona;Ore Diurne;1;0;0;1;12.53667;41.90857;-1;2;Motociclo a solo;In marcia / fermata / arresto;Conducente;F;Rimandato;0;NON DECEDUTO;Non accertato;Inesistente
1961649;11;06/12/2013 02:15;Strada Urbana;CIRCONVALLAZIONE OSTIENSE;da specificare;;;;IN PROSSIMITA' V.PADRE REGINALDO GIULIANI;Veicolo in marcia contro veicoli in sosta;Rettilineo;Due carreggiate;Asciutto;Asfaltata;Verticale ed orizzontale;Sereno;Scarso;Buona;Sufficiente;0;0;0;1;;;-1;1;Autovettura privata;In marcia / fermata / arresto;Conducente;M;Illeso;0;;Non accertato;Inesistente
1961650;5;05/12/2013 10:45;Strada Urbana;VIA DI PIETRALATA;in prossimità;;del civico n. ;320/F;;Scontro frontale/laterale DX fra veicoli in marcia;Rettilineo;Una carreggiata a doppio senso;Asciutto;Asfaltata;Verticale ed orizzontale;Sereno;Normale;Buona;Ore Diurne;1;0;0;2;;;-1;1;Autovettura privata;In marcia / fermata / arresto;Conducente;M;Illeso;0;;Non accertato;Inesistente
1961650;5;05/12/2013 10:45;Strada Urbana;VIA DI PIETRALATA;in prossimità;;del civico n. ;320/F;;Scontro frontale/laterale DX fra veicoli in marcia;Rettilineo;Una carreggiata a doppio senso;Asciutto;Asfaltata;Verticale ed orizzontale;Sereno;Normale;Buona;Ore Diurne;1;0;0;2;;;-1;1;Autovettura privata;In marcia / fermata / arresto;Passeggero;F;Illeso;0;;Non accertato;Inesistente
1961650;5;05/12/2013 10:45;Strada Urbana;VIA DI PIETRALATA;in prossimità;;del civico n. ;320/F;;Scontro frontale/laterale DX fra veicoli in marcia;Rettilineo;Una carreggiata a doppio senso;Asciutto;Asfaltata;Verticale ed orizzontale;Sereno;Normale;Buona;Ore Diurne;1;0;0;2;;;-1;2;Motociclo a solo;In marcia / fermata / arresto;Conducente;M;Rimandato;0;NON DECEDUTO;Non accertato;Inesistente
1961651;11;05/12/2013 17:50;Strada Urbana;VIA DELL'ACCADEMIA AMBROSIANA;all'intersezione semaforizzata con;VIA DI GROTTA PERFETTA;VIA DI GROTTA PERFETTA;;;Tamponamento;Incrocio;Due carreggiate;Asciutto;Asfaltata;Verticale ed orizzontale;Sereno;Normale;Buona;Sufficiente;0;0;0;2;;;-1;1;Autovettura privata;In marcia / fermata / arresto;Conducente;F;Illeso;0;;Non accertato;Inesistente
1961651;11;05/12/2013 17:50;Strada Urbana;VIA DELL'ACCADEMIA AMBROSIANA;all'intersezione semaforizzata con;VIA DI GROTTA PERFETTA;VIA DI GROTTA PERFETTA;;;Tamponamento;Incrocio;Due carreggiate;Asciutto;Asfaltata;Verticale ed orizzontale;Sereno;Normale;Buona;Sufficiente;0;0;0;2;;;-1;2;Autovettura privata;In marcia / fermata / arresto;Conducente;F;Illeso;0;;Non accertato;Inesistente
1961652;5;05/12/2013 10:55;Statale entro l'abitato;VIA TIBURTINA;all'intersezione con;VIA FURIO CICOGNA;VIA FURIO CICOGNA;;;Tamponamento;Incrocio;Una carreggiata a senso unico di marcia;Asciutto;Asfaltata;Verticale ed orizzontale;Sereno;Scarso;Buona;Ore Diurne;1;0;0;2;;;-1;1;Autovettura privata;In marcia / fermata / arresto;Conducente;F;Illeso;0;;Non accertato;Inesistente
1961652;5;05/12/2013 10:55;Statale entro l'abitato;VIA TIBURTINA;all'intersezione con;VIA FURIO CICOGNA;VIA FURIO CICOGNA;;;Tamponamento;Incrocio;Una carreggiata a senso unico di marcia;Asciutto;Asfaltata;Verticale ed orizzontale;Sereno;Scarso;Buona;Ore Diurne;1;0;0;2;;;-1;1;Autovettura privata;In marcia / fermata / arresto;Passeggero;F;Illeso;0;;Non accertato;Inesistente
1961652;5;05/12/2013 10:55;Statale entro l'abitato;VIA TIBURTINA;all'intersezione con;VIA FURIO CICOGNA;VIA FURIO CICOGNA;;;Tamponamento;Incrocio;Una carreggiata a senso unico di marcia;Asciutto;Asfaltata;Verticale ed orizzontale;Sereno;Scarso;Buona;Ore Diurne;1;0;0;2;;;-1;2;Autovettura privata;In marcia / fermata / arresto;Conducente;F;Rimandato;0;NON DECEDUTO;Non accertato;Inesistente
1961653;20;05/12/2013 06:20;Regionale;VIA BRACCIANENSE;in corrispondenza;;della chilometrica ;7,7;;Scontro laterale fra veicoli in marcia;Curva senza visuale libera;Una carreggiata a doppio senso;Asciutto;Asfaltata;Verticale ed orizzontale;Sereno;Normale;Sufficiente;Insufficiente;0;0;0;2;;;-1;1;Autovettura privata;In marcia / fermata / arresto;Conducente;F;Illeso;0;;Non accertato;Esploso
1961653;20;05/12/2013 06:20;Regionale;VIA BRACCIANENSE;in corrispondenza;;della chilometrica ;7,7;;Scontro laterale fra veicoli in marcia;Curva senza visuale libera;Una carreggiata a doppio senso;Asciutto;Asfaltata;Verticale ed orizzontale;Sereno;Normale;Sufficiente;Insufficiente;0;0;0;2;;;-1;2;Autovettura privata;In marcia / fermata / arresto;Conducente;F;Illeso;0;;Non accertato;Inesploso
1961654;19;05/12/2013 12:10;Strada Urbana;VIA DI TORREVECCHIA;all'intersezione con;VIA CESARE LOMBROSO;VIA CESARE LOMBROSO;;;Scontro frontale fra veicoli in marcia;Incrocio;Una carreggiata a doppio senso;Asciutto;Asfaltata;Verticale ed orizzontale;Sereno;Intenso;Buona;Ore Diurne;0;0;0;3;;;-1;1;Autovettura privata;In marcia / fermata / arresto;Conducente;F;Illeso;0;;Non accertato;Inesistente
1961654;19;05/12/2013 12:10;Strada Urbana;VIA DI TORREVECCHIA;all'intersezione con;VIA CESARE LOMBROSO;VIA CESARE LOMBROSO;;;Scontro frontale fra veicoli in marcia;Incrocio;Una carreggiata a doppio senso;Asciutto;Asfaltata;Verticale ed orizzontale;Sereno;Intenso;Buona;Ore Diurne;0;0;0;3;;;-1;2;Autovettura privata;In marcia / fermata / arresto;Conducente;F;Illeso;0;;Non accertato;Inesistente
1961654;19;05/12/2013 12:10;Strada Urbana;VIA DI TORREVECCHIA;all'intersezione con;VIA CESARE LOMBROSO;VIA CESARE LOMBROSO;;;Scontro frontale fra veicoli in marcia;Incrocio;Una carreggiata a doppio senso;Asciutto;Asfaltata;Verticale ed orizzontale;Sereno;Intenso;Buona;Ore Diurne;0;0;0;3;;;-1;3;Autocarro inferiore 35 q.;In marcia / fermata / arresto;Conducente;M;Illeso;0;;Non accertato;Inesistente
1961655;5;05/12/2013 16:30;Strada Urbana;VIA DEL CASALE DI S. BASILIO;da specificare;;;;all'intersezione semaforizzata con via Pollenza;Scontro frontale/laterale DX fra veicoli in marcia;Rettilineo;Una carreggiata a doppio senso;Asciutto;Asfaltata;Verticale ed orizzontale;Sereno;Normale;Buona;Ore Diurne;1;0;0;1;;;-1;1;Motociclo a solo;In marcia / fermata / arresto;Conducente;M;Rimandato;0;NON DECEDUTO;Non accertato;Inesistente
1961655;5;05/12/2013 16:30;Strada Urbana;VIA DEL CASALE DI S. BASILIO;da specificare;;;;all'intersezione semaforizzata con via Pollenza;Scontro frontale/laterale DX fra veicoli in marcia;Rettilineo;Una carreggiata a doppio senso;Asciutto;Asfaltata;Verticale ed orizzontale;Sereno;Normale;Buona;Ore Diurne;1;0;0;1;;;-1;2;Motociclo a solo;In marcia / fermata / arresto;Conducente;F;Illeso;0;;Non accertato;Inesistente
1961656;19;05/12/2013 18:00;Strada Urbana;VIA DELL'ACQUEDOTTO DEL PESCHIERA;all'intersezione con;VIA DELL'ACQUEDOTTO PAOLO;VIA DELL'ACQUEDOTTO PAOLO;;;Scontro laterale fra veicoli in marcia;Incrocio;Una carreggiata a senso unico di marcia;Asciutto;Asfaltata;Assente;Sereno;Intenso;Buona;Sufficiente;0;0;0;2;;;-1;1;Autovettura privata;In marcia / fermata / arresto;Conducente;M;Illeso;0;;Non accertato;Inesistente
1961656;19;05/12/2013 18:00;Strada Urbana;VIA DELL'ACQUEDOTTO DEL PESCHIERA;all'intersezione con;VIA DELL'ACQUEDOTTO PAOLO;VIA DELL'ACQUEDOTTO PAOLO;;;Scontro laterale fra veicoli in marcia;Incrocio;Una carreggiata a senso unico di marcia;Asciutto;Asfaltata;Assente;Sereno;Intenso;Buona;Sufficiente;0;0;0;2;;;-1;2;Motociclo a solo;In marcia / fermata / arresto;Conducente;M;Illeso;0;;Non accertato;Inesistente
1961657;20;05/12/2013 12:40;Strada Urbana;VIA CASSIA;in prossimità;;del palo luce n.;68;;Investimento di pedone;Curva a visuale libera;Una carreggiata a doppio senso;Asciutto;Asfaltata;Verticale ed orizzontale;Sereno;Normale;Buona;Ore Diurne;1;0;0;1;12.46288;41.94813;-1;;;;Pedone;F;Ricoverato;0;NON DECEDUTO;;
1961657;20;05/12/2013 12:40;Strada Urbana;VIA CASSIA;in prossimità;;del palo luce n.;68;;Investimento di pedone;Curva a visuale libera;Una carreggiata a doppio senso;Asciutto;Asfaltata;Verticale ed orizzontale;Sereno;Normale;Buona;Ore Diurne;1;0;0;1;12.46288;41.94813;-1;1;Autovettura privata;In marcia / fermata / arresto;Conducente;F;Illeso;0;;Non accertato;Inesistente
1961658;13;05/12/2013 13:45;Strada Urbana;VIALE VEGA;in corrispondenza;;del civico n. ;68;;Veicoli in marcia contro veicolo fermo;Rettilineo;Due carreggiate;Asciutto;Asfaltata;Verticale ed orizzontale;Sereno;Normale;Buona;Ore Diurne;0;0;0;3;12.2959848;41.7251887;-1;1;Autovettura privata;In marcia / fermata / arresto;Conducente;M;Illeso;0;;Non accertato;Inesistente
1961658;13;05/12/2013 13:45;Strada Urbana;VIALE VEGA;in corrispondenza;;del civico n. ;68;;Veicoli in marcia contro veicolo fermo;Rettilineo;Due carreggiate;Asciutto;Asfaltata;Verticale ed orizzontale;Sereno;Normale;Buona;Ore Diurne;0;0;0;3;12.2959848;41.7251887;-1;2;Autovettura privata;In marcia / fermata / arresto;Conducente;F;Illeso;0;;Non accertato;Inesistente
1961658;13;05/12/2013 13:45;Strada Urbana;VIALE VEGA;in corrispondenza;;del civico n. ;68;;Veicoli in marcia contro veicolo fermo;Rettilineo;Due carreggiate;Asciutto;Asfaltata;Verticale ed orizzontale;Sereno;Normale;Buona;Ore Diurne;0;0;0;3;12.2959848;41.7251887;-1;3;Autovettura privata;In marcia / fermata / arresto;Conducente;M;Illeso;0;;Non accertato;Inesistente
1961659;1;03/12/2013 12:40;Strada Urbana;VIALE MANZONI;all'intersezione semaforizzata con;VIA EMANUELE FILIBERTO;VIA EMANUELE FILIBERTO;;;Tamponamento;Intersezione semaforizzata;Una carreggiata a doppio senso;Asciutto;Asfaltata;Verticale ed orizzontale;Sereno;Normale;Buona;Ore Diurne;0;0;0;2;12.50658;41.89038;-1;1;Autovettura privata;In marcia / fermata / arresto;Conducente;M;Illeso;0;;Non accertato;
1961659;1;03/12/2013 12:40;Strada Urbana;VIALE MANZONI;all'intersezione semaforizzata con;VIA EMANUELE FILIBERTO;VIA EMANUELE FILIBERTO;;;Tamponamento;Intersezione semaforizzata;Una carreggiata a doppio senso;Asciutto;Asfaltata;Verticale ed orizzontale;Sereno;Normale;Buona;Ore Diurne;0;0;0;2;12.50658;41.89038;-1;2;Autovettura privata;In marcia / fermata / arresto;Conducente;M;Illeso;0;;Non accertato;
1961660;19;05/12/2013 18:45;Strada Urbana;LARGO DAMIANO CHIESA;all'intersezione con;VIA ROMEO RODRIGUEZ PEREIRA;VIA ROMEO RODRIGUEZ PEREIRA;;;Scontro frontale/laterale DX fra veicoli in marcia;Incrocio;Due carreggiate;Asciutto;Asfaltata;Verticale ed orizzontale;Sereno;Normale;Buona;Sufficiente;0;0;0;4;;;-1;1;Motociclo a solo;In marcia / fermata / arresto;Conducente;M;Illeso;0;;Non accertato;Inesistente
1961660;19;05/12/2013 18:45;Strada Urbana;LARGO DAMIANO CHIESA;all'intersezione con;VIA ROMEO RODRIGUEZ PEREIRA;VIA ROMEO RODRIGUEZ PEREIRA;;;Scontro frontale/laterale DX fra veicoli in marcia;Incrocio;Due carreggiate;Asciutto;Asfaltata;Verticale ed orizzontale;Sereno;Normale;Buona;Sufficiente;0;0;0;4;;;-1;2;Autovettura privata;In marcia / fermata / arresto;Conducente;M;Illeso;0;;Non accertato;Inesistente
1961660;19;05/12/2013 18:45;Strada Urbana;LARGO DAMIANO CHIESA;all'intersezione con;VIA ROMEO RODRIGUEZ PEREIRA;VIA ROMEO RODRIGUEZ PEREIRA;;;Scontro frontale/laterale DX fra veicoli in marcia;Incrocio;Due carreggiate;Asciutto;Asfaltata;Verticale ed orizzontale;Sereno;Normale;Buona;Sufficiente;0;0;0;4;;;-1;2;Autovettura privata;In marcia / fermata / arresto;Passeggero;M;Illeso;0;;Non accertato;Inesistente
1961660;19;05/12/2013 18:45;Strada Urbana;LARGO DAMIANO CHIESA;all'intersezione con;VIA ROMEO RODRIGUEZ PEREIRA;VIA ROMEO RODRIGUEZ PEREIRA;;;Scontro frontale/laterale DX fra veicoli in marcia;Incrocio;Due carreggiate;Asciutto;Asfaltata;Verticale ed orizzontale;Sereno;Normale;Buona;Sufficiente;0;0;0;4;;;-1;2;Autovettura privata;In marcia / fermata / arresto;Passeggero;F;Illeso;0;;Non accertato;Inesistente
1961661;18;05/12/2013 20:10;Strada Urbana;VIA COSIMO TORNABUONI;in corrispondenza;;del civico n. ;35;;Scontro frontale/laterale SX fra veicoli in marcia;Curva a visuale libera;Una carreggiata a senso unico di marcia;Asciutto;Asfaltata;Assente;Sereno;Scarso;Buona;Sufficiente;0;0;0;2;12.3922878;41.9033235;-1;1;Autovettura privata;In marcia / fermata / arresto;Conducente;M;Illeso;0;;Non accertato;Inesploso
1961661;18;05/12/2013 20:10;Strada Urbana;VIA COSIMO TORNABUONI;in corrispondenza;;del civico n. ;35;;Scontro frontale/laterale SX fra veicoli in marcia;Curva a visuale libera;Una carreggiata a senso unico di marcia;Asciutto;Asfaltata;Assente;Sereno;Scarso;Buona;Sufficiente;0;0;0;2;12.3922878;41.9033235;-1;2;Autovettura privata;In marcia / fermata / arresto;Conducente;M;Illeso;0;;Non accertato;Inesistente
1961662;18;05/12/2013 19:00;Strada Urbana;VIA DI BOCCEA;in prossimità;;del civico n.;274;;Investimento di pedone;Rettilineo;Una carreggiata a doppio senso;Asciutto;Asfaltata;Verticale ed orizzontale;Sereno;Intenso;Buona;Sufficiente;1;0;0;1;12.4181567;41.9036794;-1;;;;Pedone;F;Rimandato;0;NON DECEDUTO;;
1961662;18;05/12/2013 19:00;Strada Urbana;VIA DI BOCCEA;in prossimità;;del civico n.;274;;Investimento di pedone;Rettilineo;Una carreggiata a doppio senso;Asciutto;Asfaltata;Verticale ed orizzontale;Sereno;Intenso;Buona;Sufficiente;1;0;0;1;12.4181567;41.9036794;-1;1;Autovettura privata;In marcia / fermata / arresto;Conducente;F;Illeso;0;;Non accertato;Inesploso
1961664;13;05/12/2013 14:30;Strada Urbana;VIA FRANCESCO INGOLI;in prossimità;;del civico n. ;4;;Investimento di pedone;Rettilineo;Una carreggiata a senso unico di marcia;Asciutto;Asfaltata;Verticale ed orizzontale;Sereno;Normale;Buona;Ore Diurne;1;0;0;1;12.3623513;41.7811168;-1;;;;Pedone;F;Rimandato;0;NON DECEDUTO;;
1961664;13;05/12/2013 14:30;Strada Urbana;VIA FRANCESCO INGOLI;in prossimità;;del civico n. ;4;;Investimento di pedone;Rettilineo;Una carreggiata a senso unico di marcia;Asciutto;Asfaltata;Verticale ed orizzontale;Sereno;Normale;Buona;Ore Diurne;1;0;0;1;12.3623513;41.7811168;-1;1;Autovettura privata;In marcia / fermata / arresto;Conducente;M;Illeso;0;;Non accertato;Inesploso
1961665;13;05/12/2013 17:00;Provinciale;VIA LITORANEA;in corrispondenza;;della chilometrica ;9,35;;Scontro frontale/laterale DX fra veicoli in marcia;Rettilineo;Una carreggiata a doppio senso;Asciutto;Asfaltata;Verticale ed orizzontale;Sereno;Normale;Buona;Insufficiente;3;0;0;1;;;-1;1;Autovettura privata;In marcia / fermata / arresto;Conducente;F;Rimandato;0;NON DECEDUTO;Non accertato;Inesploso
1961665;13;05/12/2013 17:00;Provinciale;VIA LITORANEA;in corrispondenza;;della chilometrica ;9,35;;Scontro frontale/laterale DX fra veicoli in marcia;Rettilineo;Una carreggiata a doppio senso;Asciutto;Asfaltata;Verticale ed orizzontale;Sereno;Normale;Buona;Insufficiente;3;0;0;1;;;-1;2;Autovettura privata;In marcia / fermata / arresto;Conducente;M;Ricoverato;0;NON DECEDUTO;Non accertato;Inesistente