Protocollo;Gruppo;DataOraIncidente;Localizzazione1;STRADA1;Localizzazione2;STRADA2;Strada02;Chilometrica;DaSpecificare;NaturaIncidente;particolaritastrade;TipoStrada;FondoStradale;Pavimentazione;Segnaletica;CondizioneAtmosferica;Traffico;Visibilita;Illuminazione;NUM_FERITI;NUM_RISERVATA;NUM_MORTI;NUM_ILLESI;Longitudine;Latitudine;Confermato;Progressivo;TipoVeicolo;StatoVeicolo;TipoPersona;Sesso;Tipolesione;Deceduto;DecedutoDopo;CinturaCascoUtilizzato;Airbag
1961744;15;06/12/2013 16:10;Provinciale entro l'abitato;VIA PORTUENSE;in prossimità;;del civico n. ;1432;;Scontro laterale fra veicoli in marcia;Rettilineo;Una carreggiata a doppio senso;Asciutto;Asfaltata;Orizzontale;Nuvoloso;Normale;Buona;Ore Diurne;0;0;0;2;12.3407904;41.816577;-1;1;Autovettura privata;In marcia / fermata / arresto;Conducente;F;Illeso;0;;Non accertato;Inesploso
1961744;15;06/12/2013 16:10;Provinciale entro l'abitato;VIA PORTUENSE;in prossimità;;del civico n. ;1432;;Scontro laterale fra veicoli in marcia;Rettilineo;Una carreggiata a doppio senso;Asciutto;Asfaltata;Orizzontale;Nuvoloso;Normale;Buona;Ore Diurne;0;0;0;2;12.3407904;41.816577;-1;2;Autobus di linea;In marcia / fermata / arresto;Conducente;M;Illeso;0;;Non accertato;Inesploso
1961745;15;06/12/2013 23:40;Strada Urbana;VIA PORTUENSE;in corrispondenza;;del civico n. ;465;;Scontro frontale/laterale SX fra veicoli in marcia;Rettilineo;Una carreggiata a doppio senso;Asciutto;Asfaltata;Orizzontale;Sereno;Scarso;Buona;Sufficiente;0;0;0;3;12.4527475;41.8617891;-1;1;Autovettura privata;In marcia / fermata / arresto;Conducente;M;Illeso;0;;Non accertato;Inesploso
1961745;15;06/12/2013 23:40;Strada Urbana;VIA PORTUENSE;in corrispondenza;;del civico n. ;465;;Scontro frontale/laterale SX fra veicoli in marcia;Rettilineo;Una carreggiata a doppio senso;Asciutto;Asfaltata;Orizzontale;Sereno;Scarso;Buona;Sufficiente;0;0;0;3;12.4527475;41.8617891;-1;1;Autovettura privata;In marcia / fermata / arresto;Passeggero;F;Illeso;0;;Non accertato;Inesploso
1961745;15;06/12/2013 23:40;Strada Urbana;VIA PORTUENSE;in corrispondenza;;del civico n. ;465;;Scontro frontale/laterale SX fra veicoli in marcia;Rettilineo;Una carreggiata a doppio senso;Asciutto;Asfaltata;Orizzontale;Sereno;Scarso;Buona;Sufficiente;0;0;0;3;12.4527475;41.8617891;-1;2;Autovettura pubblica;In marcia / fermata / arresto;Conducente;M;Illeso;0;;Non accertato;Inesploso
1961746;15;06/12/2013 19:00;Strada Urbana;VIA ODERISI DA GUBBIO;all'intersezione semaforizzata con;VIA FRANCESCO GRIMALDI;VIA FRANCESCO GRIMALDI;;;Tamponamento;Incrocio;Due carreggiate;Asciutto;Asfaltata;Verticale ed orizzontale;Sereno;Intenso;Sufficiente;Sufficiente;1;0;0;1;;;-1;1;Autovettura privata;In marcia / fermata / arresto;Conducente;F;Illeso;0;;Non accertato;Inesploso
1961746;15;06/12/2013 19:00;Strada Urbana;VIA ODERISI DA GUBBIO;all'intersezione semaforizzata con;VIA FRANCESCO GRIMALDI;VIA FRANCESCO GRIMALDI;;;Tamponamento;Incrocio;Due carreggiate;Asciutto;Asfaltata;Verticale ed orizzontale;Sereno;Intenso;Sufficiente;Sufficiente;1;0;0;1;;;-1;2;Motociclo a solo;In marcia / fermata / arresto;Conducente;F;Rimandato;0;NON DECEDUTO;Non accertato;Inesploso
1961747;15;07/12/2013 02:45;Strada Urbana;LUNGOTEVERE DI S. PAOLO;da specificare;;;;in prossimità con p.le TOMMASO   EDISON;Scontro laterale fra veicoli in marcia;Rettilineo;Due carreggiate;Asciutto;Asfaltata;Orizzontale;Sereno;Scarso;Buona;Sufficiente;0;0;0;3;;;-1;1;Autovettura privata;In marcia / fermata / arresto;Conducente;F;Illeso;0;;Utilizzato;Inesistente
1961747;15;07/12/2013 02:45;Strada Urbana;LUNGOTEVERE DI S. PAOLO;da specificare;;;;in prossimità con p.le TOMMASO   EDISON;Scontro laterale fra veicoli in marcia;Rettilineo;Due carreggiate;Asciutto;Asfaltata;Orizzontale;Sereno;Scarso;Buona;Sufficiente;0;0;0;3;;;-1;2;Autovettura privata;In marcia / fermata / arresto;Conducente;F;Illeso;0;;Utilizzato;Inesistente
1961747;15;07/12/2013 02:45;Strada Urbana;LUNGOTEVERE DI S. PAOLO;da specificare;;;;in prossimità con p.le TOMMASO   EDISON;Scontro laterale fra veicoli in marcia;Rettilineo;Due carreggiate;Asciutto;Asfaltata;Orizzontale;Sereno;Scarso;Buona;Sufficiente;0;0;0;3;;;-1;2;Autovettura privata;In marcia / fermata / arresto;Passeggero;F;Illeso;0;;Utilizzato;Inesistente
1961748;20;06/12/2013 08:50;Strada Urbana;VIA FRASSINETO;in prossimità;;del civico n. ;61;;Veicolo in marcia contro ostacolo accidentale;Rettilineo;Una carreggiata a doppio senso;Asciutto;Asfaltata;Verticale ed orizzontale;Nuvoloso;Normale;Buona;Ore Diurne;0;0;0;2;12.4912792;41.9987794;-1;1;Autovettura privata;In marcia / fermata / arresto;Conducente;F;Illeso;0;;Utilizzato;Inesploso
1961748;20;06/12/2013 08:50;Strada Urbana;VIA FRASSINETO;in prossimità;;del civico n. ;61;;Veicolo in marcia contro ostacolo accidentale;Rettilineo;Una carreggiata a doppio senso;Asciutto;Asfaltata;Verticale ed orizzontale;Nuvoloso;Normale;Buona;Ore Diurne;0;0;0;2;12.4912792;41.9987794;-1;1;Autovettura privata;In marcia / fermata / arresto;Passeggero;F;Illeso;0;;Utilizzato;Inesploso
1961749;20;06/12/2013 10:00;Regionale entro l'abitato;VIA CASSIA;in prossimità;;della chilometrica;14.321;;Tamponamento Multiplo;Rettilineo;Una carreggiata a doppio senso;Asciutto;Asfaltata;Orizzontale;Nuvoloso;Normale;Buona;Ore Diurne;2;0;0;2;12.41447;41.98253;-1;1;Autovettura privata;In marcia / fermata / arresto;Conducente;M;Rifiuta cure immediate;0;NON DECEDUTO;Utilizzato;Inesploso
1961749;20;06/12/2013 10:00;Regionale entro l'abitato;VIA CASSIA;in prossimità;;della chilometrica;14.321;;Tamponamento Multiplo;Rettilineo;Una carreggiata a doppio senso;Asciutto;Asfaltata;Orizzontale;Nuvoloso;Normale;Buona;Ore Diurne;2;0;0;2;12.41447;41.98253;-1;2;Autovettura privata;In marcia / fermata / arresto;Conducente;F;Rifiuta cure immediate;0;NON DECEDUTO;Utilizzato;Inesploso
1961749;20;06/12/2013 10:00;Regionale entro l'abitato;VIA CASSIA;in prossimità;;della chilometrica;14.321;;Tamponamento Multiplo;Rettilineo;Una carreggiata a doppio senso;Asciutto;Asfaltata;Orizzontale;Nuvoloso;Normale;Buona;Ore Diurne;2;0;0;2;12.41447;41.98253;-1;3;Autovettura privata;In marcia / fermata / arresto;Conducente;M;Illeso;0;;Utilizzato;Inesploso
1961749;20;06/12/2013 10:00;Regionale entro l'abitato;VIA CASSIA;in prossimità;;della chilometrica;14.321;;Tamponamento Multiplo;Rettilineo;Una carreggiata a doppio senso;Asciutto;Asfaltata;Orizzontale;Nuvoloso;Normale;Buona;Ore Diurne;2;0;0;2;12.41447;41.98253;-1;4;Autovettura privata;In marcia / fermata / arresto;Conducente;M;Illeso;0;;Utilizzato;Inesploso
1961750;10;06/12/2013 21:55;Strada Urbana;VIA TUSCOLANA;all'intersezione con;VIA VALERIO PUBLICOLA;VIA VALERIO PUBLICOLA;;;Scontro frontale/laterale DX fra veicoli in marcia;Incrocio;Una carreggiata a senso unico di marcia;Asciutto;Asfaltata;Verticale ed orizzontale;Sereno;Scarso;Buona;Sufficiente;0;0;0;2;;;-1;1;Autovettura privata;In marcia / fermata / arresto;Conducente;F;Illeso;0;;Non accertato;Inesploso
1961750;10;06/12/2013 21:55;Strada Urbana;VIA TUSCOLANA;all'intersezione con;VIA VALERIO PUBLICOLA;VIA VALERIO PUBLICOLA;;;Scontro frontale/laterale DX fra veicoli in marcia;Incrocio;Una carreggiata a senso unico di marcia;Asciutto;Asfaltata;Verticale ed orizzontale;Sereno;Scarso;Buona;Sufficiente;0;0;0;2;;;-1;2;Autovettura privata;In marcia / fermata / arresto;Conducente;M;Illeso;0;;Utilizzato;Inesploso
1961751;10;07/12/2013 02:15;Strada Urbana;VIA LEMONIA;all'intersezione con;VIA DEL QUADRARO;VIA DEL QUADRARO;;;Veicolo in marcia contro veicoli in sosta;Incrocio;Una carreggiata a senso unico di marcia;Asciutto;Asfaltata;Verticale ed orizzontale;Sereno;Scarso;Buona;Sufficiente;1;0;0;1;12.55904;41.85243;-1;1;Autovettura privata;In marcia / fermata / arresto;Conducente;M;Illeso;0;;Non accertato;Inesploso
1961751;10;07/12/2013 02:15;Strada Urbana;VIA LEMONIA;all'intersezione con;VIA DEL QUADRARO;VIA DEL QUADRARO;;;Veicolo in marcia contro veicoli in sosta;Incrocio;Una carreggiata a senso unico di marcia;Asciutto;Asfaltata;Verticale ed orizzontale;Sereno;Scarso;Buona;Sufficiente;1;0;0;1;12.55904;41.85243;-1;1;Autovettura privata;In marcia / fermata / arresto;Passeggero;M;Rimandato;0;NON DECEDUTO;Non accertato;Inesploso
1961752;12;06/12/2013 08:05;Strada Urbana;VIA CANZONE DEL PIAVE;all'intersezione con;VIA DELLA DIVISIONE TORINO;VIA DELLA DIVISIONE TORINO;;;Scontro frontale/laterale SX fra veicoli in marcia;Incrocio;Una carreggiata a doppio senso;Asciutto;Asfaltata;Verticale ed orizzontale;Nuvoloso;Normale;Buona;Ore Diurne;0;0;0;3;;;-1;1;Autovettura privata;In marcia / fermata / arresto;Passeggero;M;Illeso;0;;Utilizzato;Inesistente
1961752;12;06/12/2013 08:05;Strada Urbana;VIA CANZONE DEL PIAVE;all'intersezione con;VIA DELLA DIVISIONE TORINO;VIA DELLA DIVISIONE TORINO;;;Scontro frontale/laterale SX fra veicoli in marcia;Incrocio;Una carreggiata a doppio senso;Asciutto;Asfaltata;Verticale ed orizzontale;Nuvoloso;Normale;Buona;Ore Diurne;0;0;0;3;;;-1;1;Autovettura privata;In marcia / fermata / arresto;Conducente;M;Illeso;0;;Utilizzato;Inesploso
1961752;12;06/12/2013 08:05;Strada Urbana;VIA CANZONE DEL PIAVE;all'intersezione con;VIA DELLA DIVISIONE TORINO;VIA DELLA DIVISIONE TORINO;;;Scontro frontale/laterale SX fra veicoli in marcia;Incrocio;Una carreggiata a doppio senso;Asciutto;Asfaltata;Verticale ed orizzontale;Nuvoloso;Normale;Buona;Ore Diurne;0;0;0;3;;;-1;2;Autovettura privata;In marcia / fermata / arresto;Conducente;F;Illeso;0;;Utilizzato;Inesploso
1961753;20;06/12/2013 16:10;Strada Urbana;VIA NAPOLEONE COLAJANNI;all'intersezione con;VIA DI VIGNA STELLUTI;VIA DI VIGNA STELLUTI;;;Veicolo in marcia contro veicolo in sosta;Incrocio;Una carreggiata a doppio senso;Asciutto;Asfaltata;Verticale ed orizzontale;Nuvoloso;Intenso;Buona;Ore Diurne;0;0;0;1;12.46564;41.94868;-1;1;Autovettura privata;In marcia / fermata / arresto;Conducente;F;Illeso;0;;Non accertato;Inesploso
1961754;11;07/12/2013 04:45;Strada Urbana;VIALE GUGLIELMO MARCONI;all'intersezione semaforizzata con;VIA TEMISTOCLE CALZECCHI ONESTI;VIA TEMISTOCLE CALZECCHI ONESTI;;;Veicolo in marcia contro ostacolo fisso;Intersezione semaforizzata;Due carreggiate;Asciutto;Asfaltata;Verticale ed orizzontale;Sereno;Scarso;Sufficiente;Sufficiente;0;0;1;0;;;-1;1;Motociclo a solo;In marcia / fermata / arresto;Conducente;M;Deceduto durante prime cure;-1;;Non accertato;Inesistente
1961755;1;05/12/2013 21:00;Strada Urbana;VIA DELLA SCROFA;in corrispondenza;;del civico n. ;39;;Veicolo in marcia contro veicolo in sosta;Rettilineo;Una carreggiata a senso unico di marcia;Asciutto;In cubetti di porfido;Verticale ed orizzontale;Sereno;Scarso;Buona;Sufficiente;0;0;0;5;12.4749604;41.9014617;-1;1;Autovettura di polizia;In marcia / fermata / arresto;Conducente;M;Illeso;0;;Non accertato;Inesploso
1961755;1;05/12/2013 21:00;Strada Urbana;VIA DELLA SCROFA;in corrispondenza;;del civico n. ;39;;Veicolo in marcia contro veicolo in sosta;Rettilineo;Una carreggiata a senso unico di marcia;Asciutto;In cubetti di porfido;Verticale ed orizzontale;Sereno;Scarso;Buona;Sufficiente;0;0;0;5;12.4749604;41.9014617;-1;1;Autovettura di polizia;In marcia / fermata / arresto;Passeggero;M;Illeso;0;;Non accertato;Inesistente
1961755;1;05/12/2013 21:00;Strada Urbana;VIA DELLA SCROFA;in corrispondenza;;del civico n. ;39;;Veicolo in marcia contro veicolo in sosta;Rettilineo;Una carreggiata a senso unico di marcia;Asciutto;In cubetti di porfido;Verticale ed orizzontale;Sereno;Scarso;Buona;Sufficiente;0;0;0;5;12.4749604;41.9014617;-1;2;Autocarro inferiore 35 q.;In marcia / fermata / arresto;Conducente;M;Illeso;0;;Non accertato;Inesistente
1961755;1;05/12/2013 21:00;Strada Urbana;VIA DELLA SCROFA;in corrispondenza;;del civico n. ;39;;Veicolo in marcia contro veicolo in sosta;Rettilineo;Una carreggiata a senso unico di marcia;Asciutto;In cubetti di porfido;Verticale ed orizzontale;Sereno;Scarso;Buona;Sufficiente;0;0;0;5;12.4749604;41.9014617;-1;2;Autocarro inferiore 35 q.;In marcia / fermata / arresto;Passeggero;M;Illeso;0;;Non accertato;Inesistente
1961755;1;05/12/2013 21:00;Strada Urbana;VIA DELLA SCROFA;in corrispondenza;;del civico n. ;39;;Veicolo in marcia contro veicolo in sosta;Rettilineo;Una carreggiata a senso unico di marcia;Asciutto;In cubetti di porfido;Verticale ed orizzontale;Sereno;Scarso;Buona;Sufficiente;0;0;0;5;12.4749604;41.9014617;-1;2;Autocarro inferiore 35 q.;In marcia / fermata / arresto;Passeggero;M;Illeso;0;;Non accertato;Inesistente
1961756;20;06/12/2013 17:20;Strada Urbana;VIA DI GROTTAROSSA;in corrispondenza;;del civico n.;40;;Investimento di pedone;Rettilineo;Una carreggiata a doppio senso;Asciutto;Asfaltata;Verticale ed orizzontale;Nuvoloso;Intenso;Sufficiente;Sufficiente;1;0;0;2;12.43566;41.97166;-1;;;;Pedone;F;Ricoverato;0;NON DECEDUTO;;
1961756;20;06/12/2013 17:20;Strada Urbana;VIA DI GROTTAROSSA;in corrispondenza;;del civico n.;40;;Investimento di pedone;Rettilineo;Una carreggiata a doppio senso;Asciutto;Asfaltata;Verticale ed orizzontale;Nuvoloso;Intenso;Sufficiente;Sufficiente;1;0;0;2;12.43566;41.97166;-1;1;Motociclo con passeggero;In marcia / fermata / arresto;Conducente;M;Illeso;0;;Non accertato;Inesistente
1961756;20;06/12/2013 17:20;Strada Urbana;VIA DI GROTTAROSSA;in corrispondenza;;del civico n.;40;;Investimento di pedone;Rettilineo;Una carreggiata a doppio senso;Asciutto;Asfaltata;Verticale ed orizzontale;Nuvoloso;Intenso;Sufficiente;Sufficiente;1;0;0;2;12.43566;41.97166;-1;1;Motociclo con passeggero;In marcia / fermata / arresto;Passeggero;M;Illeso;0;;Non accertato;Inesistente
1961757;20;06/12/2013 13:40;Strada Urbana;PIAZZALE DI PONTE MILVIO;in corrispondenza;;del civico n.;43;;Tamponamento;Rettilineo;Una carreggiata a senso unico di marcia;Asciutto;Asfaltata;Verticale ed orizzontale;Nuvoloso;Intenso;Buona;Ore Diurne;1;0;0;1;12.46619;41.93753;-1;1;Motociclo a solo;In marcia / fermata / arresto;Conducente;M;Rifiuta cure immediate;0;NON DECEDUTO;Non accertato;Inesistente
1961757;20;06/12/2013 13:40;Strada Urbana;PIAZZALE DI PONTE MILVIO;in corrispondenza;;del civico n.;43;;Tamponamento;Rettilineo;Una carreggiata a senso unico di marcia;Asciutto;Asfaltata;Verticale ed orizzontale;Nuvoloso;Intenso;Buona;Ore Diurne;1;0;0;1;12.46619;41.93753;-1;2;Autovettura privata;In marcia / fermata / arresto;Conducente;M;Illeso;0;;Non accertato;Inesistente
1961758;17;06/12/2013 08:20;Strada Urbana;VIA TRIONFALE;all'intersezione con;VIA PREMUDA;VIA PREMUDA;;;Veicolo in marcia contro veicolo arresto;Incrocio;Una carreggiata a senso unico di marcia;Asciutto;Asfaltata;Verticale ed orizzontale;Sereno;Scarso;Buona;Ore Diurne;0;0;0;2;;;-1;1;Autovettura privata;In marcia / fermata / arresto;Conducente;F;Illeso;0;;Non accertato;Inesploso
1961758;17;06/12/2013 08:20;Strada Urbana;VIA TRIONFALE;all'intersezione con;VIA PREMUDA;VIA PREMUDA;;;Veicolo in marcia contro veicolo arresto;Incrocio;Una carreggiata a senso unico di marcia;Asciutto;Asfaltata;Verticale ed orizzontale;Sereno;Scarso;Buona;Ore Diurne;0;0;0;2;;;-1;2;Autovettura privata;In marcia / fermata / arresto;Conducente;F;Illeso;0;;Non accertato;Inesploso
1961759;20;06/12/2013 19:15;Regionale entro l'abitato;VIA CASSIA;in corrispondenza;;del civico n.;901;;Scontro frontale/laterale SX fra veicoli in marcia;Rettilineo;Una carreggiata a doppio senso;Asciutto;Asfaltata;Orizzontale;Sereno;Intenso;Buona;Sufficiente;0;0;0;3;12.4352523;41.9705131;-1;1;Autovettura privata;In marcia / fermata / arresto;Conducente;F;Illeso;0;;Non accertato;Inesistente
1961759;20;06/12/2013 19:15;Regionale entro l'abitato;VIA CASSIA;in corrispondenza;;del civico n.;901;;Scontro frontale/laterale SX fra veicoli in marcia;Rettilineo;Una carreggiata a doppio senso;Asciutto;Asfaltata;Orizzontale;Sereno;Intenso;Buona;Sufficiente;0;0;0;3;12.4352523;41.9705131;-1;2;Autovettura di polizia;In marcia / fermata / arresto;Conducente;M;Illeso;0;;Non accertato;Inesistente
1961759;20;06/12/2013 19:15;Regionale entro l'abitato;VIA CASSIA;in corrispondenza;;del civico n.;901;;Scontro frontale/laterale SX fra veicoli in marcia;Rettilineo;Una carreggiata a doppio senso;Asciutto;Asfaltata;Orizzontale;Sereno;Intenso;Buona;Sufficiente;0;0;0;3;12.4352523;41.9705131;-1;2;Autovettura di polizia;In marcia / fermata / arresto;Passeggero;M;Illeso;0;;;Inesistente
1961760;17;06/12/2013 15:20;Strada Urbana;PIAZZA DEL RISORGIMENTO;da specificare;;;;pross. palo luce n. 5 / Via di Porta Angelica;Scontro laterale fra veicoli in marcia;Rettilineo;Una carreggiata a senso unico di marcia;Asciutto;Asfaltata;Verticale ed orizzontale;Sereno;Normale;Buona;Ore Diurne;0;0;0;4;;;-1;1;Autovettura privata;In marcia / fermata / arresto;Conducente;M;Illeso;0;;Non accertato;Inesploso
1961760;17;06/12/2013 15:20;Strada Urbana;PIAZZA DEL RISORGIMENTO;da specificare;;;;pross. palo luce n. 5 / Via di Porta Angelica;Scontro laterale fra veicoli in marcia;Rettilineo;Una carreggiata a senso unico di marcia;Asciutto;Asfaltata;Verticale ed orizzontale;Sereno;Normale;Buona;Ore Diurne;0;0;0;4;;;-1;2;Autovettura privata;In marcia / fermata / arresto;Conducente;M;Illeso;0;;Non accertato;Inesploso
1961760;17;06/12/2013 15:20;Strada Urbana;PIAZZA DEL RISORGIMENTO;da specificare;;;;pross. palo luce n. 5 / Via di Porta Angelica;Scontro laterale fra veicoli in marcia;Rettilineo;Una carreggiata a senso unico di marcia;Asciutto;Asfaltata;Verticale ed orizzontale;Sereno;Normale;Buona;Ore Diurne;0;0;0;4;;;-1;2;Autovettura privata;In marcia / fermata / arresto;Passeggero;M;Illeso;0;;Non accertato;Inesploso
1961760;17;06/12/2013 15:20;Strada Urbana;PIAZZA DEL RISORGIMENTO;da specificare;;;;pross. palo luce n. 5 / Via di Porta Angelica;Scontro laterale fra veicoli in marcia;Rettilineo;Una carreggiata a senso unico di marcia;Asciutto;Asfaltata;Verticale ed orizzontale;Sereno;Normale;Buona;Ore Diurne;0;0;0;4;;;-1;2;Autovettura privata;In marcia / fermata / arresto;Passeggero;M;Illeso;0;;Non accertato;Inesploso
1961761;17;06/12/2013 17:05;Strada Urbana;VIA IGEA;all'intersezione con;VIA BERNARDO BLUMENSTIHL;VIA BERNARDO BLUMENSTIHL;;;Investimento di pedone;Intersezione stradale segnalata;Una carreggiata a doppio senso;Asciutto;Asfaltata;Verticale ed orizzontale;Sereno;Normale;Buona;Sufficiente;2;0;0;0;12.44239;41.93479;-1;;;;Pedone;M;Rimandato;0;NON DECEDUTO;;
1961761;17;06/12/2013 17:05;Strada Urbana;VIA IGEA;all'intersezione con;VIA BERNARDO BLUMENSTIHL;VIA BERNARDO BLUMENSTIHL;;;Investimento di pedone;Intersezione stradale segnalata;Una carreggiata a doppio senso;Asciutto;Asfaltata;Verticale ed orizzontale;Sereno;Normale;Buona;Sufficiente;2;0;0;0;12.44239;41.93479;-1;1;Motociclo a solo;In marcia / fermata / arresto;Conducente;M;Rimandato;0;NON DECEDUTO;Non accertato;Inesistente
1961762;17;06/12/2013 11:45;Strada Urbana;VIA FABIO MASSIMO;all'intersezione con;VIA DEI GRACCHI;VIA DEI GRACCHI;;;Investimento di pedone;Intersezione stradale segnalata;Una carreggiata a senso unico di marcia;Asciutto;Asfaltata;Verticale ed orizzontale;Nuvoloso;Normale;Buona;Ore Diurne;1;0;0;1;12.46256;41.90798;-1;;;;Pedone;M;Rimandato;0;NON DECEDUTO;;
1961762;17;06/12/2013 11:45;Strada Urbana;VIA FABIO MASSIMO;all'intersezione con;VIA DEI GRACCHI;VIA DEI GRACCHI;;;Investimento di pedone;Intersezione stradale segnalata;Una carreggiata a senso unico di marcia;Asciutto;Asfaltata;Verticale ed orizzontale;Nuvoloso;Normale;Buona;Ore Diurne;1;0;0;1;12.46256;41.90798;-1;1;Autovettura privata;In marcia / fermata / arresto;Conducente;F;Illeso;0;;Non accertato;Inesistente
1961764;1;07/12/2013 02:30;Strada Urbana;PIAZZALE OSTIENSE;da specificare;;;;ALTEZZA VIA MARCO POLO;Scontro frontale/laterale DX fra veicoli in marcia;Rettilineo;Una carreggiata a senso unico di marcia;Asciutto;Asfaltata;Verticale ed orizzontale;Sereno;Scarso;Buona;Sufficiente;2;0;0;1;12.48192;41.87621;-1;1;Autovettura privata;In marcia / fermata / arresto;Conducente;M;Illeso;0;;Non accertato;
1961764;1;07/12/2013 02:30;Strada Urbana;PIAZZALE OSTIENSE;da specificare;;;;ALTEZZA VIA MARCO POLO;Scontro frontale/laterale DX fra veicoli in marcia;Rettilineo;Una carreggiata a senso unico di marcia;Asciutto;Asfaltata;Verticale ed orizzontale;Sereno;Scarso;Buona;Sufficiente;2;0;0;1;12.48192;41.87621;-1;1;Autovettura privata;In marcia / fermata / arresto;Passeggero;F;Rimandato;0;NON DECEDUTO;;
1961764;1;07/12/2013 02:30;Strada Urbana;PIAZZALE OSTIENSE;da specificare;;;;ALTEZZA VIA MARCO POLO;Scontro frontale/laterale DX fra veicoli in marcia;Rettilineo;Una carreggiata a senso unico di marcia;Asciutto;Asfaltata;Verticale ed orizzontale;Sereno;Scarso;Buona;Sufficiente;2;0;0;1;12.48192;41.87621;-1;2;Autovettura privata;In marcia / fermata / arresto;Conducente;M;Rimandato;0;NON DECEDUTO;Non accertato;
1961765;2;07/12/2013 02:50;Strada Urbana;VIA DEL FORO ITALICO;da specificare;;;;fronte civico 611;Scontro laterale fra veicoli in marcia;Curva senza visuale libera;Due carreggiate;Asciutto;Asfaltata;Verticale ed orizzontale;Sereno;Scarso;Buona;Sufficiente;0;0;0;2;12.48083;41.94028;-1;1;Autovettura privata;In marcia / fermata / arresto;Conducente;M;Illeso;0;;Non accertato;Inesistente
1961765;2;07/12/2013 02:50;Strada Urbana;VIA DEL FORO ITALICO;da specificare;;;;fronte civico 611;Scontro laterale fra veicoli in marcia;Curva senza visuale libera;Due carreggiate;Asciutto;Asfaltata;Verticale ed orizzontale;Sereno;Scarso;Buona;Sufficiente;0;0;0;2;12.48083;41.94028;-1;2;Autovettura privata;In marcia / fermata / arresto;Conducente;F;Illeso;0;;Non accertato;Inesistente
1961766;19;07/12/2013 09:00;Strada Urbana;VIA AUGUSTO TEBALDI;all'intersezione con;VIA VINCENZO TOMASSINI;VIA VINCENZO TOMASSINI;;;Scontro frontale/laterale DX fra veicoli in marcia;Intersezione stradale segnalata;Una carreggiata a senso unico di marcia;Asciutto;Asfaltata;Verticale ed orizzontale;Sereno;Normale;Buona;Ore Diurne;0;0;0;2;;;-1;1;Autovettura privata;In marcia / fermata / arresto;Conducente;F;Illeso;0;;Non accertato;Inesistente
1961766;19;07/12/2013 09:00;Strada Urbana;VIA AUGUSTO TEBALDI;all'intersezione con;VIA VINCENZO TOMASSINI;VIA VINCENZO TOMASSINI;;;Scontro frontale/laterale DX fra veicoli in marcia;Intersezione stradale segnalata;Una carreggiata a senso unico di marcia;Asciutto;Asfaltata;Verticale ed orizzontale;Sereno;Normale;Buona;Ore Diurne;0;0;0;2;;;-1;2;Autocarro inferiore 35 q.;In marcia / fermata / arresto;Conducente;M;Illeso;0;;Non accertato;Inesistente
1961767;17;06/12/2013 19:20;Strada Urbana;PIAZZA DEL RISORGIMENTO;in prossimità;;del civico n. ;26;;Investimento di pedone;Rettilineo;Una carreggiata a senso unico di marcia;Asciutto;Asfaltata;Verticale ed orizzontale;Sereno;Normale;Sufficiente;Sufficiente;1;0;0;1;12.4576822;41.9066107;-1;;;;Pedone;F;Rimandato;0;NON DECEDUTO;;
1961767;17;06/12/2013 19:20;Strada Urbana;PIAZZA DEL RISORGIMENTO;in prossimità;;del civico n. ;26;;Investimento di pedone;Rettilineo;Una carreggiata a senso unico di marcia;Asciutto;Asfaltata;Verticale ed orizzontale;Sereno;Normale;Sufficiente;Sufficiente;1;0;0;1;12.4576822;41.9066107;-1;1;Motociclo a solo;In marcia / fermata / arresto;Conducente;F;Illeso;0;;Non accertato;Inesistente
1961768;2;06/12/2013 11:10;Strada Urbana;VIALE PARIOLI;in prossimità;;del civico n.;162/A;;Scontro frontale/laterale DX fra veicoli in marcia;Curva a visuale libera;Una carreggiata a doppio senso;Asciutto;Asfaltata;Verticale ed orizzontale;Nuvoloso;Normale;Buona;Ore Diurne;2;0;0;1;12.48641;41.92844;-1;1;Autovettura privata;In marcia / fermata / arresto;Conducente;M;Illeso;0;;Non accertato;Inesploso
1961768;2;06/12/2013 11:10;Strada Urbana;VIALE PARIOLI;in prossimità;;del civico n.;162/A;;Scontro frontale/laterale DX fra veicoli in marcia;Curva a visuale libera;Una carreggiata a doppio senso;Asciutto;Asfaltata;Verticale ed orizzontale;Nuvoloso;Normale;Buona;Ore Diurne;2;0;0;1;12.48641;41.92844;-1;1;Autovettura privata;In marcia / fermata / arresto;Passeggero;F;Rifiuta cure immediate;0;NON DECEDUTO;Non accertato;Inesploso
1961768;2;06/12/2013 11:10;Strada Urbana;VIALE PARIOLI;in prossimità;;del civico n.;162/A;;Scontro frontale/laterale DX fra veicoli in marcia;Curva a visuale libera;Una carreggiata a doppio senso;Asciutto;Asfaltata;Verticale ed orizzontale;Nuvoloso;Normale;Buona;Ore Diurne;2;0;0;1;12.48641;41.92844;-1;2;Motociclo a solo;In marcia / fermata / arresto;Conducente;M;Rimandato;0;NON DECEDUTO;Non accertato;Inesistente