Protocollo;Gruppo;DataOraIncidente;Localizzazione1;STRADA1;Localizzazione2;STRADA2;Strada02;Chilometrica;DaSpecificare;NaturaIncidente;particolaritastrade;TipoStrada;FondoStradale;Pavimentazione;Segnaletica;CondizioneAtmosferica;Traffico;Visibilita;Illuminazione;NUM_FERITI;NUM_RISERVATA;NUM_MORTI;NUM_ILLESI;Longitudine;Latitudine;Confermato;Progressivo;TipoVeicolo;StatoVeicolo;TipoPersona;Sesso;Tipolesione;Deceduto;DecedutoDopo;CinturaCascoUtilizzato;Airbag
1962201;8;12/12/2013 01:15;Strada Urbana;VIA ATANASIO SOLDATI;in prossimità;;del civico n. ;80;;Veicolo in marcia contro ostacolo accidentale;Rettilineo;Una carreggiata a senso unico di marcia;Asciutto;Con buche;Verticale ed orizzontale;Sereno;Normale;Sufficiente;Sufficiente;0;0;0;1;;;-1;1;Autovettura privata;In marcia / fermata / arresto;Conducente;M;Illeso;0;;Non accertato;Inesploso
1962202;7;11/12/2013 16:30;Strada Urbana;VIA DEI PIOPPI;in corrispondenza;;del civico n.;2;;Tamponamento;Rettilineo;Una carreggiata a senso unico di marcia;Asciutto;Asfaltata;Verticale ed orizzontale;Sereno;Normale;Buona;Ore Diurne;0;0;0;2;12.56708;41.87714;-1;1;Autovettura privata;In marcia / fermata / arresto;Conducente;M;Illeso;0;;Non accertato;Inesistente
1962202;7;11/12/2013 16:30;Strada Urbana;VIA DEI PIOPPI;in corrispondenza;;del civico n.;2;;Tamponamento;Rettilineo;Una carreggiata a senso unico di marcia;Asciutto;Asfaltata;Verticale ed orizzontale;Sereno;Normale;Buona;Ore Diurne;0;0;0;2;12.56708;41.87714;-1;2;Autovettura privata;Allontanatosi;Conducente;M;Illeso;0;;;Inesistente
1962203;7;12/12/2013 11:00;Strada Urbana;VIA RAFFAELE COSTI;all'intersezione con;VIA VIRGILIO GUIDI;VIA VIRGILIO GUIDI;;;Scontro frontale/laterale SX fra veicoli in marcia;Intersezione stradale segnalata;Una carreggiata a doppio senso;Asciutto;Asfaltata;Verticale ed orizzontale;Sereno;Normale;Buona;Ore Diurne;1;0;0;1;;;-1;1;Autovettura privata;In marcia / fermata / arresto;Conducente;F;Rifiuta cure immediate;0;NON DECEDUTO;Non accertato;Inesistente
1962203;7;12/12/2013 11:00;Strada Urbana;VIA RAFFAELE COSTI;all'intersezione con;VIA VIRGILIO GUIDI;VIA VIRGILIO GUIDI;;;Scontro frontale/laterale SX fra veicoli in marcia;Intersezione stradale segnalata;Una carreggiata a doppio senso;Asciutto;Asfaltata;Verticale ed orizzontale;Sereno;Normale;Buona;Ore Diurne;1;0;0;1;;;-1;2;Autocarro inferiore 35 q.;In marcia / fermata / arresto;Conducente;M;Illeso;0;;Non accertato;Inesistente
1962204;4;11/12/2013 07:30;Strada Urbana;VIA PERTH;in prossimità;;del civico n. ;6;;Veicolo in marcia contro veicoli in sosta;Rettilineo;Una carreggiata a senso unico di marcia;Asciutto;Asfaltata;Assente;Sereno;Scarso;Buona;Ore Diurne;0;0;0;1;12.5478174;41.9719227;-1;1;Autovettura privata;In marcia / fermata / arresto;Conducente;M;Illeso;0;;Non accertato;Inesistente
1962205;7;11/12/2013 14:15;Strada Urbana;VIA PRENESTINA;all'intersezione con;VIALE PALMIRO TOGLIATTI;VIALE PALMIRO TOGLIATTI;;;Scontro laterale fra veicoli in marcia;Incrocio;Una carreggiata a doppio senso;Asciutto;Asfaltata;Verticale ed orizzontale;Sereno;Scarso;Buona;Ore Diurne;0;0;0;2;12.57512;41.89481;-1;1;Autovettura di polizia;In marcia / fermata / arresto;Conducente;M;Illeso;0;;Non accertato;Inesploso
1962205;7;11/12/2013 14:15;Strada Urbana;VIA PRENESTINA;all'intersezione con;VIALE PALMIRO TOGLIATTI;VIALE PALMIRO TOGLIATTI;;;Scontro laterale fra veicoli in marcia;Incrocio;Una carreggiata a doppio senso;Asciutto;Asfaltata;Verticale ed orizzontale;Sereno;Scarso;Buona;Ore Diurne;0;0;0;2;12.57512;41.89481;-1;2;Autovettura privata;In marcia / fermata / arresto;Conducente;M;Illeso;0;;Non accertato;Inesploso
1962206;1;09/12/2013 17:00;Strada Urbana;VIA GOFFREDO MAMELI;all'intersezione con;VIA LUCIANO MANARA;VIA LUCIANO MANARA;;;Veicolo in marcia contro ostacolo accidentale;Incrocio;Una carreggiata a doppio senso;Asciutto;Asfaltata;Verticale ed orizzontale;Sereno;Normale;Insufficiente;Insufficiente;0;0;0;1;12.46755;41.88765;-1;1;Autovettura privata;In marcia / fermata / arresto;Conducente;M;Illeso;0;;Non accertato;
1962207;7;11/12/2013 17:00;Strada Urbana;VIA GUGLIELMO SANSONI;all'intersezione semaforizzata con;VIA COLLATINA;VIA COLLATINA;;;Veicolo in marcia contro veicolo arresto;Intersezione semaforizzata;Una carreggiata a doppio senso;Asciutto;Asfaltata;Verticale ed orizzontale;Sereno;Intenso;Sufficiente;Sufficiente;0;0;0;3;;;-1;1;Autovettura privata;In marcia / fermata / arresto;Conducente;M;Illeso;0;;;Inesistente
1962207;7;11/12/2013 17:00;Strada Urbana;VIA GUGLIELMO SANSONI;all'intersezione semaforizzata con;VIA COLLATINA;VIA COLLATINA;;;Veicolo in marcia contro veicolo arresto;Intersezione semaforizzata;Una carreggiata a doppio senso;Asciutto;Asfaltata;Verticale ed orizzontale;Sereno;Intenso;Sufficiente;Sufficiente;0;0;0;3;;;-1;2;Autovettura privata;In marcia / fermata / arresto;Conducente;M;Illeso;0;;Non accertato;Inesistente
1962207;7;11/12/2013 17:00;Strada Urbana;VIA GUGLIELMO SANSONI;all'intersezione semaforizzata con;VIA COLLATINA;VIA COLLATINA;;;Veicolo in marcia contro veicolo arresto;Intersezione semaforizzata;Una carreggiata a doppio senso;Asciutto;Asfaltata;Verticale ed orizzontale;Sereno;Intenso;Sufficiente;Sufficiente;0;0;0;3;;;-1;2;Autovettura privata;In marcia / fermata / arresto;Passeggero;M;Illeso;0;;Non accertato;Inesistente
1962208;1;10/12/2013 15:15;Strada Urbana;PIAZZA DI PORTA S. GIOVANNI;in prossimità;;del palo luce n.;72;;Investimento di pedone;Rettilineo;Due carreggiate;Asciutto;Asfaltata;Verticale ed orizzontale;Sereno;Normale;Buona;Ore Diurne;0;0;0;4;12.50796;41.8865;-1;;;;Pedone;F;Illeso;0;;;
1962208;1;10/12/2013 15:15;Strada Urbana;PIAZZA DI PORTA S. GIOVANNI;in prossimità;;del palo luce n.;72;;Investimento di pedone;Rettilineo;Due carreggiate;Asciutto;Asfaltata;Verticale ed orizzontale;Sereno;Normale;Buona;Ore Diurne;0;0;0;4;12.50796;41.8865;-1;1;Autobus urbano;In marcia / fermata / arresto;Conducente;M;Illeso;0;;Non accertato;Inesistente
1962208;1;10/12/2013 15:15;Strada Urbana;PIAZZA DI PORTA S. GIOVANNI;in prossimità;;del palo luce n.;72;;Investimento di pedone;Rettilineo;Due carreggiate;Asciutto;Asfaltata;Verticale ed orizzontale;Sereno;Normale;Buona;Ore Diurne;0;0;0;4;12.50796;41.8865;-1;1;Autobus urbano;In marcia / fermata / arresto;Passeggero;F;Illeso;0;;Non accertato;Inesistente
1962208;1;10/12/2013 15:15;Strada Urbana;PIAZZA DI PORTA S. GIOVANNI;in prossimità;;del palo luce n.;72;;Investimento di pedone;Rettilineo;Due carreggiate;Asciutto;Asfaltata;Verticale ed orizzontale;Sereno;Normale;Buona;Ore Diurne;0;0;0;4;12.50796;41.8865;-1;1;Autobus urbano;In marcia / fermata / arresto;Passeggero;F;Illeso;0;;Non accertato;Inesistente
1962209;20;11/12/2013 20:00;Regionale entro l'abitato;VIA CASSIA;in corrispondenza;;del civico n.;849;;Infortunio per caduta del veicolo;Rettilineo;Una carreggiata a senso unico alternato;Asciutto;Asfaltata;Verticale ed orizzontale;Sereno;Normale;Buona;Sufficiente;1;0;0;1;12.4378;41.9686;-1;1;Motociclo a solo;In marcia / fermata / arresto;Conducente;M;Rimandato;0;NON DECEDUTO;Non accertato;Inesistente
1962209;20;11/12/2013 20:00;Regionale entro l'abitato;VIA CASSIA;in corrispondenza;;del civico n.;849;;Infortunio per caduta del veicolo;Rettilineo;Una carreggiata a senso unico alternato;Asciutto;Asfaltata;Verticale ed orizzontale;Sereno;Normale;Buona;Sufficiente;1;0;0;1;12.4378;41.9686;-1;2;Autovettura privata;In marcia / fermata / arresto;Conducente;M;Illeso;0;;Non accertato;Inesistente
1962210;7;12/12/2013 01:20;Strada Urbana;VIA DEI CASTANI;all'intersezione con;VIA DELLE ACACIE;VIA DELLE ACACIE;;;Scontro frontale/laterale DX fra veicoli in marcia;Intersezione semaforizzata;Una carreggiata a doppio senso;Asciutto;Asfaltata;Verticale ed orizzontale;Sereno;Scarso;Sufficiente;Sufficiente;1;0;0;1;;;-1;1;Autovettura privata;In marcia / fermata / arresto;Conducente;M;Rimandato;0;NON DECEDUTO;Non accertato;Inesploso
1962210;7;12/12/2013 01:20;Strada Urbana;VIA DEI CASTANI;all'intersezione con;VIA DELLE ACACIE;VIA DELLE ACACIE;;;Scontro frontale/laterale DX fra veicoli in marcia;Intersezione semaforizzata;Una carreggiata a doppio senso;Asciutto;Asfaltata;Verticale ed orizzontale;Sereno;Scarso;Sufficiente;Sufficiente;1;0;0;1;;;-1;2;Autovettura privata;In marcia / fermata / arresto;Conducente;M;Illeso;0;;Non accertato;Inesploso
1962211;6;11/12/2013 20:50;Strada Urbana;VIA PRENESTINA;in prossimità;;del civico n. ;41/e;;Veicolo in marcia contro veicolo fermo;Rettilineo;Una carreggiata a senso unico di marcia;Asciutto;Asfaltata;Assente;Sereno;Normale;Buona;Sufficiente;0;0;0;3;;;-1;1;Autovettura privata;In marcia / fermata / arresto;Conducente;M;Illeso;0;;Non accertato;Inesploso
1962211;6;11/12/2013 20:50;Strada Urbana;VIA PRENESTINA;in prossimità;;del civico n. ;41/e;;Veicolo in marcia contro veicolo fermo;Rettilineo;Una carreggiata a senso unico di marcia;Asciutto;Asfaltata;Assente;Sereno;Normale;Buona;Sufficiente;0;0;0;3;;;-1;2;Autovettura privata;In marcia / fermata / arresto;Conducente;M;Illeso;0;;Non accertato;Inesploso
1962211;6;11/12/2013 20:50;Strada Urbana;VIA PRENESTINA;in prossimità;;del civico n. ;41/e;;Veicolo in marcia contro veicolo fermo;Rettilineo;Una carreggiata a senso unico di marcia;Asciutto;Asfaltata;Assente;Sereno;Normale;Buona;Sufficiente;0;0;0;3;;;-1;2;Autovettura privata;In marcia / fermata / arresto;Passeggero;F;Illeso;0;;Non accertato;Inesploso
1962212;2;11/12/2013 18:40;Strada Urbana;VIALE PARIOLI;in prossimità;;del civico n.;14;;Veicolo in marcia contro veicolo fermo;Rettilineo;Una carreggiata a doppio senso;Asciutto;Asfaltata;Orizzontale;Sereno;Normale;Buona;Sufficiente;0;0;0;3;12.49127;41.92346;-1;1;Autovettura privata;In marcia / fermata / arresto;Conducente;F;Illeso;0;;Non accertato;Inesploso
1962212;2;11/12/2013 18:40;Strada Urbana;VIALE PARIOLI;in prossimità;;del civico n.;14;;Veicolo in marcia contro veicolo fermo;Rettilineo;Una carreggiata a doppio senso;Asciutto;Asfaltata;Orizzontale;Sereno;Normale;Buona;Sufficiente;0;0;0;3;12.49127;41.92346;-1;1;Autovettura privata;In marcia / fermata / arresto;Passeggero;M;Illeso;0;;Non accertato;Inesploso
1962212;2;11/12/2013 18:40;Strada Urbana;VIALE PARIOLI;in prossimità;;del civico n.;14;;Veicolo in marcia contro veicolo fermo;Rettilineo;Una carreggiata a doppio senso;Asciutto;Asfaltata;Orizzontale;Sereno;Normale;Buona;Sufficiente;0;0;0;3;12.49127;41.92346;-1;2;Autovettura privata;In marcia / fermata / arresto;Conducente;F;Illeso;0;;Non accertato;Inesploso
1962213;20;11/12/2013 07:10;Strada Urbana;LUNGOTEVERE MARESCIALLO CADORNA;da specificare;;;;altezza ponte della musica direz.p.lauro de bosis;Tamponamento Multiplo;Rettilineo;Una carreggiata a doppio senso;Asciutto;Asfaltata;Orizzontale;Sereno;Normale;Buona;Ore Diurne;1;0;0;2;12.45811;41.92785;-1;1;Autovettura di polizia;In marcia / fermata / arresto;Conducente;M;Rifiuta cure immediate;0;NON DECEDUTO;Non accertato;Inesploso
1962213;20;11/12/2013 07:10;Strada Urbana;LUNGOTEVERE MARESCIALLO CADORNA;da specificare;;;;altezza ponte della musica direz.p.lauro de bosis;Tamponamento Multiplo;Rettilineo;Una carreggiata a doppio senso;Asciutto;Asfaltata;Orizzontale;Sereno;Normale;Buona;Ore Diurne;1;0;0;2;12.45811;41.92785;-1;2;Autovettura privata;In marcia / fermata / arresto;Conducente;M;Illeso;0;;Non accertato;Inesploso
1962213;20;11/12/2013 07:10;Strada Urbana;LUNGOTEVERE MARESCIALLO CADORNA;da specificare;;;;altezza ponte della musica direz.p.lauro de bosis;Tamponamento Multiplo;Rettilineo;Una carreggiata a doppio senso;Asciutto;Asfaltata;Orizzontale;Sereno;Normale;Buona;Ore Diurne;1;0;0;2;12.45811;41.92785;-1;3;Autovettura privata;In marcia / fermata / arresto;Conducente;M;Illeso;0;;Non accertato;Inesploso
1962214;18;12/12/2013 01:00;Strada Urbana;VIA ENRICO BONDI;in prossimità;;del civico n. ;102;;Veicolo in marcia contro ostacolo accidentale;Curva a visuale libera;Una carreggiata a senso unico di marcia;Asciutto;Asfaltata;Assente;Sereno;Scarso;Sufficiente;Sufficiente;0;0;0;1;12.3875679;41.9027235;-1;1;Velocipede;In marcia / fermata / arresto;Conducente;M;Illeso;0;;Esente;Inesistente
1962215;20;11/12/2013 20:25;Strada Urbana;VIALE SILVIO GIGLI;in prossimità;;del palo luce n.;89;;Veicolo in marcia contro veicolo in sosta;Rettilineo;Due carreggiate;Asciutto;Asfaltata;Orizzontale;Sereno;Normale;Insufficiente;Insufficiente;1;0;0;0;12.49741;41.97743;-1;1;Motociclo a solo;In marcia / fermata / arresto;Conducente;M;Rimandato;0;NON DECEDUTO;Non accertato;Inesistente
1962216;1;11/12/2013 21:00;Strada Urbana;LUNGOTEVERE AVENTINO;in prossimità;;del civico n.;34;;Tamponamento;Rettilineo;Una carreggiata a doppio senso;Asciutto;Asfaltata;Verticale ed orizzontale;Sereno;Normale;Sufficiente;Sufficiente;1;0;0;1;12.47842;41.88596;-1;1;Autovettura privata;In marcia / fermata / arresto;Conducente;M;Illeso;0;;Non accertato;
1962216;1;11/12/2013 21:00;Strada Urbana;LUNGOTEVERE AVENTINO;in prossimità;;del civico n.;34;;Tamponamento;Rettilineo;Una carreggiata a doppio senso;Asciutto;Asfaltata;Verticale ed orizzontale;Sereno;Normale;Sufficiente;Sufficiente;1;0;0;1;12.47842;41.88596;-1;2;Motociclo a solo;In marcia / fermata / arresto;Conducente;M;Rimandato;0;NON DECEDUTO;Non accertato;
1962217;1;11/12/2013 13:40;Strada Urbana;VIA VITTORIO VENETO;all'intersezione semaforizzata con;VIA BONCOMPAGNI;VIA BONCOMPAGNI;;;Scontro frontale/laterale SX fra veicoli in marcia;Intersezione semaforizzata;Una carreggiata a doppio senso;Asciutto;Asfaltata;Verticale ed orizzontale;Sereno;Normale;Buona;Ore Diurne;1;0;0;1;12.48942;41.90608;-1;1;Autovettura pubblica;In marcia / fermata / arresto;Conducente;M;Illeso;0;;Non accertato;Inesploso
1962217;1;11/12/2013 13:40;Strada Urbana;VIA VITTORIO VENETO;all'intersezione semaforizzata con;VIA BONCOMPAGNI;VIA BONCOMPAGNI;;;Scontro frontale/laterale SX fra veicoli in marcia;Intersezione semaforizzata;Una carreggiata a doppio senso;Asciutto;Asfaltata;Verticale ed orizzontale;Sereno;Normale;Buona;Ore Diurne;1;0;0;1;12.48942;41.90608;-1;2;Motociclo a solo;In marcia / fermata / arresto;Conducente;M;Rimandato;0;NON DECEDUTO;Non accertato;
1962218;1;10/12/2013 22:00;Strada Urbana;VIA SOLFERINO;in prossimità;;del civico n.;30;;Investimento di pedone;Rettilineo;Una carreggiata a doppio senso;Asciutto;Asfaltata;Verticale ed orizzontale;Sereno;Scarso;Sufficiente;Sufficiente;1;0;0;1;12.5016181;41.9039699;-1;;;;Pedone;M;Rimandato;0;NON DECEDUTO;;
1962218;1;10/12/2013 22:00;Strada Urbana;VIA SOLFERINO;in prossimità;;del civico n.;30;;Investimento di pedone;Rettilineo;Una carreggiata a doppio senso;Asciutto;Asfaltata;Verticale ed orizzontale;Sereno;Scarso;Sufficiente;Sufficiente;1;0;0;1;12.5016181;41.9039699;-1;1;Autovettura pubblica;In marcia / fermata / arresto;Conducente;M;Illeso;0;;Non accertato;Inesploso
1962219;23;10/12/2013 11:50;Comunale extraurbana;VIA CRISTOFORO COLOMBO;in prossimità;;della chilometrica;21.2;;Veicolo in marcia contro veicoli fermi;Rettilineo;Più di due carreggiate;Asciutto;Asfaltata;Verticale ed orizzontale;Sereno;Normale;Buona;Ore Diurne;6;0;0;0;12.43203;41.7931;-1;1;Autovettura privata;In marcia / fermata / arresto;Conducente;M;Rifiuta cure immediate;0;NON DECEDUTO;Utilizzato;Inesploso
1962219;23;10/12/2013 11:50;Comunale extraurbana;VIA CRISTOFORO COLOMBO;in prossimità;;della chilometrica;21.2;;Veicolo in marcia contro veicoli fermi;Rettilineo;Più di due carreggiate;Asciutto;Asfaltata;Verticale ed orizzontale;Sereno;Normale;Buona;Ore Diurne;6;0;0;0;12.43203;41.7931;-1;2;Autovettura privata;In marcia / fermata / arresto;Conducente;F;Rimandato;0;NON DECEDUTO;Utilizzato;Esploso
1962219;23;10/12/2013 11:50;Comunale extraurbana;VIA CRISTOFORO COLOMBO;in prossimità;;della chilometrica;21.2;;Veicolo in marcia contro veicoli fermi;Rettilineo;Più di due carreggiate;Asciutto;Asfaltata;Verticale ed orizzontale;Sereno;Normale;Buona;Ore Diurne;6;0;0;0;12.43203;41.7931;-1;3;Autovettura privata;In marcia / fermata / arresto;Conducente;F;Rimandato;0;NON DECEDUTO;Utilizzato;Inesploso
1962219;23;10/12/2013 11:50;Comunale extraurbana;VIA CRISTOFORO COLOMBO;in prossimità;;della chilometrica;21.2;;Veicolo in marcia contro veicoli fermi;Rettilineo;Più di due carreggiate;Asciutto;Asfaltata;Verticale ed orizzontale;Sereno;Normale;Buona;Ore Diurne;6;0;0;0;12.43203;41.7931;-1;4;Autovettura privata;In marcia / fermata / arresto;Conducente;M;Rimandato;0;NON DECEDUTO;Non utilizzato;Esploso
1962219;23;10/12/2013 11:50;Comunale extraurbana;VIA CRISTOFORO COLOMBO;in prossimità;;della chilometrica;21.2;;Veicolo in marcia contro veicoli fermi;Rettilineo;Più di due carreggiate;Asciutto;Asfaltata;Verticale ed orizzontale;Sereno;Normale;Buona;Ore Diurne;6;0;0;0;12.43203;41.7931;-1;4;Autovettura privata;In marcia / fermata / arresto;Passeggero;F;Rimandato;0;NON DECEDUTO;Utilizzato;Esploso
1962219;23;10/12/2013 11:50;Comunale extraurbana;VIA CRISTOFORO COLOMBO;in prossimità;;della chilometrica;21.2;;Veicolo in marcia contro veicoli fermi;Rettilineo;Più di due carreggiate;Asciutto;Asfaltata;Verticale ed orizzontale;Sereno;Normale;Buona;Ore Diurne;6;0;0;0;12.43203;41.7931;-1;5;Autovettura privata;In marcia / fermata / arresto;Conducente;M;Rifiuta cure immediate;0;NON DECEDUTO;Utilizzato;Inesploso
1962220;4;11/12/2013 09:00;Strada Urbana;VIA SAMBUCA PISTOIESE;in corrispondenza;;del civico n. ;2;;Veicolo in marcia contro veicolo in sosta;Rettilineo;Una carreggiata a doppio senso;Asciutto;Asfaltata;Assente;Sereno;Normale;Buona;Ore Diurne;0;0;0;1;12.5048292;41.9709978;-1;2;Autovettura privata;In marcia / fermata / arresto;Conducente;M;Illeso;0;;Non accertato;Inesistente
1962221;20;11/12/2013 17:55;Strada Urbana;VIA DI VALLE MURICANA;in prossimità;;del palo luce n. ;136;;Scontro laterale fra veicoli in marcia;Rettilineo;Una carreggiata a doppio senso;Asciutto;Asfaltata;Orizzontale;Sereno;Scarso;Sufficiente;Sufficiente;0;0;0;2;;;-1;1;Autovettura privata;In marcia / fermata / arresto;Conducente;M;Illeso;0;;Non accertato;Inesistente
1962221;20;11/12/2013 17:55;Strada Urbana;VIA DI VALLE MURICANA;in prossimità;;del palo luce n. ;136;;Scontro laterale fra veicoli in marcia;Rettilineo;Una carreggiata a doppio senso;Asciutto;Asfaltata;Orizzontale;Sereno;Scarso;Sufficiente;Sufficiente;0;0;0;2;;;-1;2;Autovettura privata;In marcia / fermata / arresto;Conducente;M;Illeso;0;;Non accertato;Inesistente
1962222;4;11/12/2013 10:15;Strada Urbana;VIA RADICOFANI;all'intersezione con;VIA S. BERNARDINO DA SIENA;VIA S. BERNARDINO DA SIENA;;;Scontro laterale fra veicoli in marcia;Incrocio;Una carreggiata a doppio senso;Asciutto;Asfaltata;Orizzontale;Sereno;Scarso;Buona;Ore Diurne;1;0;0;1;12.51261;41.97493;-1;1;Autovettura privata;In marcia / fermata / arresto;Conducente;M;Illeso;0;;Non accertato;Inesistente
1962222;4;11/12/2013 10:15;Strada Urbana;VIA RADICOFANI;all'intersezione con;VIA S. BERNARDINO DA SIENA;VIA S. BERNARDINO DA SIENA;;;Scontro laterale fra veicoli in marcia;Incrocio;Una carreggiata a doppio senso;Asciutto;Asfaltata;Orizzontale;Sereno;Scarso;Buona;Ore Diurne;1;0;0;1;12.51261;41.97493;-1;2;Motociclo a solo;In marcia / fermata / arresto;Conducente;M;Ricoverato;0;NON DECEDUTO;Non accertato;Inesistente
1962223;16;10/12/2013 10:00;Strada Urbana;VIA GIACINTO CARINI;all'intersezione con;VIA FRANCESCO DAVERIO;VIA FRANCESCO DAVERIO;;;Scontro frontale/laterale SX fra veicoli in marcia;Incrocio;Una carreggiata a doppio senso;Asciutto;Asfaltata;Orizzontale;Sereno;Scarso;Buona;Ore Diurne;0;0;0;3;;;-1;1;Autovettura privata;In marcia / fermata / arresto;Conducente;F;Illeso;0;;Non accertato;Inesistente
1962223;16;10/12/2013 10:00;Strada Urbana;VIA GIACINTO CARINI;all'intersezione con;VIA FRANCESCO DAVERIO;VIA FRANCESCO DAVERIO;;;Scontro frontale/laterale SX fra veicoli in marcia;Incrocio;Una carreggiata a doppio senso;Asciutto;Asfaltata;Orizzontale;Sereno;Scarso;Buona;Ore Diurne;0;0;0;3;;;-1;1;Autovettura privata;In marcia / fermata / arresto;Passeggero;M;Illeso;0;;Non accertato;Inesistente
1962223;16;10/12/2013 10:00;Strada Urbana;VIA GIACINTO CARINI;all'intersezione con;VIA FRANCESCO DAVERIO;VIA FRANCESCO DAVERIO;;;Scontro frontale/laterale SX fra veicoli in marcia;Incrocio;Una carreggiata a doppio senso;Asciutto;Asfaltata;Orizzontale;Sereno;Scarso;Buona;Ore Diurne;0;0;0;3;;;-1;2;Autovettura privata;In marcia / fermata / arresto;Conducente;F;Illeso;0;;Non accertato;Inesploso
1962224;9;12/12/2013 07:45;Strada Urbana;VIA TUSCOLANA;in prossimità;;del civico n. ;584;;Tamponamento Multiplo;Rettilineo;Due carreggiate;Asciutto;Asfaltata;Orizzontale;Nuvoloso;Intenso;Buona;Ore Diurne;0;0;0;4;12.5373919;41.8693338;-1;1;Autovettura privata;In marcia / fermata / arresto;Conducente;M;Illeso;0;;Utilizzato;Esploso
1962224;9;12/12/2013 07:45;Strada Urbana;VIA TUSCOLANA;in prossimità;;del civico n. ;584;;Tamponamento Multiplo;Rettilineo;Due carreggiate;Asciutto;Asfaltata;Orizzontale;Nuvoloso;Intenso;Buona;Ore Diurne;0;0;0;4;12.5373919;41.8693338;-1;2;Autovettura privata;In marcia / fermata / arresto;Conducente;F;Illeso;0;;Utilizzato;Inesploso
1962224;9;12/12/2013 07:45;Strada Urbana;VIA TUSCOLANA;in prossimità;;del civico n. ;584;;Tamponamento Multiplo;Rettilineo;Due carreggiate;Asciutto;Asfaltata;Orizzontale;Nuvoloso;Intenso;Buona;Ore Diurne;0;0;0;4;12.5373919;41.8693338;-1;3;Autovettura privata;In marcia / fermata / arresto;Conducente;F;Illeso;0;;Utilizzato;Inesploso
1962224;9;12/12/2013 07:45;Strada Urbana;VIA TUSCOLANA;in prossimità;;del civico n. ;584;;Tamponamento Multiplo;Rettilineo;Due carreggiate;Asciutto;Asfaltata;Orizzontale;Nuvoloso;Intenso;Buona;Ore Diurne;0;0;0;4;12.5373919;41.8693338;-1;3;Autovettura privata;In marcia / fermata / arresto;Passeggero;F;Illeso;0;;;Inesistente
1962225;4;11/12/2013 14:00;Strada Urbana;VIA MONTE CERVIALTO;in corrispondenza;;del civico n. ;152;;Investimento di pedone;Rettilineo;Più di due carreggiate;Asciutto;Asfaltata;Verticale ed orizzontale;Sereno;Normale;Buona;Ore Diurne;1;0;0;1;12.5239081;41.9566499;-1;;;;Pedone;F;Rifiuta cure immediate;0;NON DECEDUTO;;
1962225;4;11/12/2013 14:00;Strada Urbana;VIA MONTE CERVIALTO;in corrispondenza;;del civico n. ;152;;Investimento di pedone;Rettilineo;Più di due carreggiate;Asciutto;Asfaltata;Verticale ed orizzontale;Sereno;Normale;Buona;Ore Diurne;1;0;0;1;12.5239081;41.9566499;-1;1;Autovettura privata;In marcia / fermata / arresto;Conducente;F;Illeso;0;;Non accertato;Inesistente
1962226;4;11/12/2013 15:50;Strada Urbana;PIAZZA DEGLI EUGANEI;in corrispondenza;;del civico n. ;4;;Scontro laterale fra veicoli in marcia;Rettilineo;Una carreggiata a senso unico di marcia;Asciutto;Asfaltata;Verticale;Sereno;Normale;Buona;Ore Diurne;1;0;0;1;12.5322842;41.9488478;-1;1;Motociclo a solo;In marcia / fermata / arresto;Conducente;M;Rifiuta cure immediate;0;NON DECEDUTO;Non accertato;Inesistente
1962226;4;11/12/2013 15:50;Strada Urbana;PIAZZA DEGLI EUGANEI;in corrispondenza;;del civico n. ;4;;Scontro laterale fra veicoli in marcia;Rettilineo;Una carreggiata a senso unico di marcia;Asciutto;Asfaltata;Verticale;Sereno;Normale;Buona;Ore Diurne;1;0;0;1;12.5322842;41.9488478;-1;2;Autovettura privata;In marcia / fermata / arresto;Conducente;F;Illeso;0;;Non accertato;Inesploso
1962227;4;11/12/2013 12:10;Strada Urbana;VIA FRANCESCO D'OVIDIO;all'intersezione con;VIA JACOPONE DA TODI;VIA JACOPONE DA TODI;;;Scontro frontale/laterale DX fra veicoli in marcia;Incrocio;Due carreggiate;Asciutto;Asfaltata;Verticale;Sereno;Normale;Buona;Ore Diurne;1;0;0;1;;;-1;1;Quadriciclo leggero;In marcia / fermata / arresto;Conducente;F;Rimandato;0;NON DECEDUTO;Non accertato;Inesistente
1962227;4;11/12/2013 12:10;Strada Urbana;VIA FRANCESCO D'OVIDIO;all'intersezione con;VIA JACOPONE DA TODI;VIA JACOPONE DA TODI;;;Scontro frontale/laterale DX fra veicoli in marcia;Incrocio;Due carreggiate;Asciutto;Asfaltata;Verticale;Sereno;Normale;Buona;Ore Diurne;1;0;0;1;;;-1;2;Autocarro inferiore 35 q.;In marcia / fermata / arresto;Conducente;M;Illeso;0;;Non accertato;Inesistente
1962229;4;11/12/2013 07:30;Strada Urbana;VIA NOMENTANA;all'intersezione con;VIA GIANGIORGIO TRISSINO;VIA GIANGIORGIO TRISSINO;;;Scontro frontale/laterale SX fra veicoli in marcia;Incrocio;Una carreggiata a doppio senso;Asciutto;Asfaltata;Verticale ed orizzontale;Sereno;Normale;Buona;Ore Diurne;1;0;0;1;12.55239;41.94111;-1;1;Motociclo a solo;In marcia / fermata / arresto;Conducente;M;Rimandato;0;NON DECEDUTO;Non accertato;
1962229;4;11/12/2013 07:30;Strada Urbana;VIA NOMENTANA;all'intersezione con;VIA GIANGIORGIO TRISSINO;VIA GIANGIORGIO TRISSINO;;;Scontro frontale/laterale SX fra veicoli in marcia;Incrocio;Una carreggiata a doppio senso;Asciutto;Asfaltata;Verticale ed orizzontale;Sereno;Normale;Buona;Ore Diurne;1;0;0;1;12.55239;41.94111;-1;2;Autovettura privata;In marcia / fermata / arresto;Conducente;M;Illeso;0;;Non accertato;Inesploso